<beans:beans xmlns="http://www.springframework.org/schema/security"
	xmlns:beans="http://www.springframework.org/schema/beans" xmlns:xsi="http://www.w3.org/2001/XMLSchema-instance"
	xsi:schemaLocation="http://www.springframework.org/schema/beans
	http://www.springframework.org/schema/beans/spring-beans-3.0.xsd
	http://www.springframework.org/schema/security
	http://www.springframework.org/schema/security/spring-security-3.2.xsd">

	<http auto-config="true">
		<intercept-url pattern="/admin**" access="ROLE_USER" />
		<intercept-url pattern="/admin/update**" access="ROLE_USER" />
		<intercept-url pattern="/welcome" access="ROLE_USER" />

		<form-login login-page="/login" default-target-url="/welcome"
			authentication-failure-url="/login?error" username-parameter="username"
			password-parameter="password" />
		<logout logout-success-url="/login?logout" delete-cookies="JSESSIONID" />

		<session-management invalid-session-url="/login">
			<concurrency-control max-sessions="12"
				expired-url="/login" error-if-maximum-exceeded="true" />
		</session-management>
		<csrf />

		<remember-me token-validity-seconds="1212354"
			remember-me-parameter="remember-me" />

	</http>
	<beans:bean id="userService" class="com.mkyong.web.controller.UserServiceImpl"></beans:bean>

	<authentication-manager>
		<authentication-provider user-service-ref="userService">
		</authentication-provider>
	</authentication-manager>


</beans:beans>